[{"model": "auth.permission", "pk": 1, "fields": {"name": "Can add log entry", "content_type": 1, "codename": "add_logentry"}}, {"model": "auth.permission", "pk": 2, "fields": {"name": "Can change log entry", "content_type": 1, "codename": "change_logentry"}}, {"model": "auth.permission", "pk": 3, "fields": {"name": "Can delete log entry", "content_type": 1, "codename": "delete_logentry"}}, {"model": "auth.permission", "pk": 4, "fields": {"name": "Can view log entry", "content_type": 1, "codename": "view_logentry"}}, {"model": "auth.permission", "pk": 5, "fields": {"name": "Can add permission", "content_type": 2, "codename": "add_permission"}}, {"model": "auth.permission", "pk": 6, "fields": {"name": "Can change permission", "content_type": 2, "codename": "change_permission"}}, {"model": "auth.permission", "pk": 7, "fields": {"name": "Can delete permission", "content_type": 2, "codename": "delete_permission"}}, {"model": "auth.permission", "pk": 8, "fields": {"name": "Can view permission", "content_type": 2, "codename": "view_permission"}}, {"model": "auth.permission", "pk": 9, "fields": {"name": "Can add group", "content_type": 3, "codename": "add_group"}}, {"model": "auth.permission", "pk": 10, "fields": {"name": "Can change group", "content_type": 3, "codename": "change_group"}}, {"model": "auth.permission", "pk": 11, "fields": {"name": "Can delete group", "content_type": 3, "codename": "delete_group"}}, {"model": "auth.permission", "pk": 12, "fields": {"name": "Can view group", "content_type": 3, "codename": "view_group"}}, {"model": "auth.permission", "pk": 13, "fields": {"name": "Can add content type", "content_type": 4, "codename": "add_contenttype"}}, {"model": "auth.permission", "pk": 14, "fields": {"name": "Can change content type", "content_type": 4, "codename": "change_contenttype"}}, {"model": "auth.permission", "pk": 15, "fields": {"name": "Can delete content type", "content_type": 4, "codename": "delete_contenttype"}}, {"model": "auth.permission", "pk": 16, "fields": {"name": "Can view content type", "content_type": 4, "codename": "view_contenttype"}}, {"model": "auth.permission", "pk": 17, "fields": {"name": "Can add session", "content_type": 5, "codename": "add_session"}}, {"model": "auth.permission", "pk": 18, "fields": {"name": "Can change session", "content_type": 5, "codename": "change_session"}}, {"model": "auth.permission", "pk": 19, "fields": {"name": "Can delete session", "content_type": 5, "codename": "delete_session"}}, {"model": "auth.permission", "pk": 20, "fields": {"name": "Can view session", "content_type": 5, "codename": "view_session"}}, {"model": "auth.permission", "pk": 21, "fields": {"name": "Can add Cliente", "content_type": 6, "codename": "add_cliente"}}, {"model": "auth.permission", "pk": 22, "fields": {"name": "Can change Cliente", "content_type": 6, "codename": "change_cliente"}}, {"model": "auth.permission", "pk": 23, "fields": {"name": "Can delete Cliente", "content_type": 6, "codename": "delete_cliente"}}, {"model": "auth.permission", "pk": 24, "fields": {"name": "Can view Cliente", "content_type": 6, "codename": "view_cliente"}}, {"model": "auth.permission", "pk": 25, "fields": {"name": "Can add Carrito_Compras", "content_type": 7, "codename": "add_carrito_compras"}}, {"model": "auth.permission", "pk": 26, "fields": {"name": "Can change Carrito_Compras", "content_type": 7, "codename": "change_carrito_compras"}}, {"model": "auth.permission", "pk": 27, "fields": {"name": "Can delete Carrito_Compras", "content_type": 7, "codename": "delete_carrito_compras"}}, {"model": "auth.permission", "pk": 28, "fields": {"name": "Can view Carrito_Compras", "content_type": 7, "codename": "view_carrito_compras"}}, {"model": "auth.permission", "pk": 29, "fields": {"name": "Can add Categoria", "content_type": 8, "codename": "add_categorias"}}, {"model": "auth.permission", "pk": 30, "fields": {"name": "Can change Categoria", "content_type": 8, "codename": "change_categorias"}}, {"model": "auth.permission", "pk": 31, "fields": {"name": "Can delete Categoria", "content_type": 8, "codename": "delete_categorias"}}, {"model": "auth.permission", "pk": 32, "fields": {"name": "Can view Categoria", "content_type": 8, "codename": "view_categorias"}}, {"model": "auth.permission", "pk": 33, "fields": {"name": "Can add Comuna", "content_type": 9, "codename": "add_comuna"}}, {"model": "auth.permission", "pk": 34, "fields": {"name": "Can change Comuna", "content_type": 9, "codename": "change_comuna"}}, {"model": "auth.permission", "pk": 35, "fields": {"name": "Can delete Comuna", "content_type": 9, "codename": "delete_comuna"}}, {"model": "auth.permission", "pk": 36, "fields": {"name": "Can view Comuna", "content_type": 9, "codename": "view_comuna"}}, {"model": "auth.permission", "pk": 37, "fields": {"name": "Can add Detalle_Ingreso", "content_type": 10, "codename": "add_detalle_ingreso"}}, {"model": "auth.permission", "pk": 38, "fields": {"name": "Can change Detalle_Ingreso", "content_type": 10, "codename": "change_detalle_ingreso"}}, {"model": "auth.permission", "pk": 39, "fields": {"name": "Can delete Detalle_Ingreso", "content_type": 10, "codename": "delete_detalle_ingreso"}}, {"model": "auth.permission", "pk": 40, "fields": {"name": "Can view Detalle_Ingreso", "content_type": 10, "codename": "view_detalle_ingreso"}}, {"model": "auth.permission", "pk": 41, "fields": {"name": "Can add marca", "content_type": 11, "codename": "add_marcas"}}, {"model": "auth.permission", "pk": 42, "fields": {"name": "Can change marca", "content_type": 11, "codename": "change_marcas"}}, {"model": "auth.permission", "pk": 43, "fields": {"name": "Can delete marca", "content_type": 11, "codename": "delete_marcas"}}, {"model": "auth.permission", "pk": 44, "fields": {"name": "Can view marca", "content_type": 11, "codename": "view_marcas"}}, {"model": "auth.permission", "pk": 45, "fields": {"name": "Can add Metodo pago", "content_type": 12, "codename": "add_metodo_pago"}}, {"model": "auth.permission", "pk": 46, "fields": {"name": "Can change Metodo pago", "content_type": 12, "codename": "change_metodo_pago"}}, {"model": "auth.permission", "pk": 47, "fields": {"name": "Can delete Metodo pago", "content_type": 12, "codename": "delete_metodo_pago"}}, {"model": "auth.permission", "pk": 48, "fields": {"name": "Can view Metodo pago", "content_type": 12, "codename": "view_metodo_pago"}}, {"model": "auth.permission", "pk": 49, "fields": {"name": "Can add Region", "content_type": 13, "codename": "add_region"}}, {"model": "auth.permission", "pk": 50, "fields": {"name": "Can change Region", "content_type": 13, "codename": "change_region"}}, {"model": "auth.permission", "pk": 51, "fields": {"name": "Can delete Region", "content_type": 13, "codename": "delete_region"}}, {"model": "auth.permission", "pk": 52, "fields": {"name": "Can view Region", "content_type": 13, "codename": "view_region"}}, {"model": "auth.permission", "pk": 53, "fields": {"name": "Can add Venta", "content_type": 14, "codename": "add_venta"}}, {"model": "auth.permission", "pk": 54, "fields": {"name": "Can change Venta", "content_type": 14, "codename": "change_venta"}}, {"model": "auth.permission", "pk": 55, "fields": {"name": "Can delete Venta", "content_type": 14, "codename": "delete_venta"}}, {"model": "auth.permission", "pk": 56, "fields": {"name": "Can view Venta", "content_type": 14, "codename": "view_venta"}}, {"model": "auth.permission", "pk": 57, "fields": {"name": "Can add Trabajador", "content_type": 15, "codename": "add_trabajador"}}, {"model": "auth.permission", "pk": 58, "fields": {"name": "Can change Trabajador", "content_type": 15, "codename": "change_trabajador"}}, {"model": "auth.permission", "pk": 59, "fields": {"name": "Can delete Trabajador", "content_type": 15, "codename": "delete_trabajador"}}, {"model": "auth.permission", "pk": 60, "fields": {"name": "Can view Trabajador", "content_type": 15, "codename": "view_trabajador"}}, {"model": "auth.permission", "pk": 61, "fields": {"name": "Can add Provincia", "content_type": 16, "codename": "add_provincia"}}, {"model": "auth.permission", "pk": 62, "fields": {"name": "Can change Provincia", "content_type": 16, "codename": "change_provincia"}}, {"model": "auth.permission", "pk": 63, "fields": {"name": "Can delete Provincia", "content_type": 16, "codename": "delete_provincia"}}, {"model": "auth.permission", "pk": 64, "fields": {"name": "Can view Provincia", "content_type": 16, "codename": "view_provincia"}}, {"model": "auth.permission", "pk": 65, "fields": {"name": "Can add Proveedor", "content_type": 17, "codename": "add_proveedor"}}, {"model": "auth.permission", "pk": 66, "fields": {"name": "Can change Proveedor", "content_type": 17, "codename": "change_proveedor"}}, {"model": "auth.permission", "pk": 67, "fields": {"name": "Can delete Proveedor", "content_type": 17, "codename": "delete_proveedor"}}, {"model": "auth.permission", "pk": 68, "fields": {"name": "Can view Proveedor", "content_type": 17, "codename": "view_proveedor"}}, {"model": "auth.permission", "pk": 69, "fields": {"name": "Can add Producto", "content_type": 18, "codename": "add_productos"}}, {"model": "auth.permission", "pk": 70, "fields": {"name": "Can change Producto", "content_type": 18, "codename": "change_productos"}}, {"model": "auth.permission", "pk": 71, "fields": {"name": "Can delete Producto", "content_type": 18, "codename": "delete_productos"}}, {"model": "auth.permission", "pk": 72, "fields": {"name": "Can view Producto", "content_type": 18, "codename": "view_productos"}}, {"model": "auth.permission", "pk": 73, "fields": {"name": "Can add Ingreso", "content_type": 19, "codename": "add_ingreso"}}, {"model": "auth.permission", "pk": 74, "fields": {"name": "Can change Ingreso", "content_type": 19, "codename": "change_ingreso"}}, {"model": "auth.permission", "pk": 75, "fields": {"name": "Can delete Ingreso", "content_type": 19, "codename": "delete_ingreso"}}, {"model": "auth.permission", "pk": 76, "fields": {"name": "Can view Ingreso", "content_type": 19, "codename": "view_ingreso"}}, {"model": "auth.permission", "pk": 77, "fields": {"name": "Can add Envio", "content_type": 20, "codename": "add_envio"}}, {"model": "auth.permission", "pk": 78, "fields": {"name": "Can change Envio", "content_type": 20, "codename": "change_envio"}}, {"model": "auth.permission", "pk": 79, "fields": {"name": "Can delete Envio", "content_type": 20, "codename": "delete_envio"}}, {"model": "auth.permission", "pk": 80, "fields": {"name": "Can view Envio", "content_type": 20, "codename": "view_envio"}}, {"model": "contenttypes.contenttype", "pk": 1, "fields": {"app_label": "admin", "model": "logentry"}}, {"model": "contenttypes.contenttype", "pk": 2, "fields": {"app_label": "auth", "model": "permission"}}, {"model": "contenttypes.contenttype", "pk": 3, "fields": {"app_label": "auth", "model": "group"}}, {"model": "contenttypes.contenttype", "pk": 4, "fields": {"app_label": "contenttypes", "model": "contenttype"}}, {"model": "contenttypes.contenttype", "pk": 5, "fields": {"app_label": "sessions", "model": "session"}}, {"model": "contenttypes.contenttype", "pk": 6, "fields": {"app_label": "app", "model": "cliente"}}, {"model": "contenttypes.contenttype", "pk": 7, "fields": {"app_label": "app", "model": "carrito_compras"}}, {"model": "contenttypes.contenttype", "pk": 8, "fields": {"app_label": "app", "model": "categorias"}}, {"model": "contenttypes.contenttype", "pk": 9, "fields": {"app_label": "app", "model": "comuna"}}, {"model": "contenttypes.contenttype", "pk": 10, "fields": {"app_label": "app", "model": "detalle_ingreso"}}, {"model": "contenttypes.contenttype", "pk": 11, "fields": {"app_label": "app", "model": "marcas"}}, {"model": "contenttypes.contenttype", "pk": 12, "fields": {"app_label": "app", "model": "metodo_pago"}}, {"model": "contenttypes.contenttype", "pk": 13, "fields": {"app_label": "app", "model": "region"}}, {"model": "contenttypes.contenttype", "pk": 14, "fields": {"app_label": "app", "model": "venta"}}, {"model": "contenttypes.contenttype", "pk": 15, "fields": {"app_label": "app", "model": "trabajador"}}, {"model": "contenttypes.contenttype", "pk": 16, "fields": {"app_label": "app", "model": "provincia"}}, {"model": "contenttypes.contenttype", "pk": 17, "fields": {"app_label": "app", "model": "proveedor"}}, {"model": "contenttypes.contenttype", "pk": 18, "fields": {"app_label": "app", "model": "productos"}}, {"model": "contenttypes.contenttype", "pk": 19, "fields": {"app_label": "app", "model": "ingreso"}}, {"model": "contenttypes.contenttype", "pk": 20, "fields": {"app_label": "app", "model": "envio"}}, {"model": "sessions.session", "pk": "888bu0cb3r746vxao4pbyoc1hxbxk80g", "fields": {"session_data": ".eJxVjDEOgzAMRe-SuYoINoEydu8ZUOzYhbYiUgIT4u4tEkO7_vf-28wQ1mUc1iJ5mKLpjTOX340Cv2Q-QHyG-ZEsp3nJE9lDsSct9p6ivG-n-xcYQxmPt3TOOcCGqit4hVgLUKUdk7bYNeAYJaDWTqVFQCARzxo9VdEjs36jHHJOpt_2_QNjOTxD:1o2MVb:iAjz51-xylQQHbQgQnJDaUzij3CTyzLv94YMWA72aLA", "expire_date": "2022-07-02T00:40:15.166Z"}}, {"model": "sessions.session", "pk": "94y28idaal9989x0h23dxg5q823x4t5u", "fields": {"session_data": ".eJxVjMsOgjAQRf-la9NQZijo0r3f0HReghqaUFgZ_92QsNDtPefct0t5W8e0VV3SJO7igjv9bpT5qfMO5JHne_Fc5nWZyO-KP2j1tyL6uh7u38GY67jXOoQQADtqzhANpFWgxgYm63HoIDBqRmuDaY-AQKqRTSI1EpHZ3OcL4ms4ig:1o245Y:_bPe6X5jPXrKy0YVjgcG2f4dwrObXc67HUwdmJVbtt4", "expire_date": "2022-07-01T05:00:08.285Z"}}, {"model": "sessions.session", "pk": "ej9a44486yvb8ihpw9vfblxb0m97u71t", "fields": {"session_data": ".eJxVjMsOgjAQRf-la9NQZijo0r3f0HReghqaUFgZ_92QsNDtPefct0t5W8e0VV3SJO7igjv9bpT5qfMO5JHne_Fc5nWZyO-KP2j1tyL6uh7u38GY67jXOoQQADtqzhANpFWgxgYm63HoIDBqRmuDaY-AQKqRTSI1EpHZ3OcL4ms4ig:1ny3iP:R0OnSJ6UCjHjiciHKCL-peRTH0svYot7-8BkkxK8NNM", "expire_date": "2022-06-20T03:47:41.889Z"}}, {"model": "app.categorias", "pk": 1, "fields": {"nombre": "Almacenamiento"}}, {"model": "app.categorias", "pk": 2, "fields": {"nombre": "Audífonos"}}, {"model": "app.categorias", "pk": 3, "fields": {"nombre": "Fuentes de poder"}}, {"model": "app.categorias", "pk": 4, "fields": {"nombre": "En catalogación"}}, {"model": "app.categorias", "pk": 5, "fields": {"nombre": "Teclado"}}, {"model": "app.categorias", "pk": 6, "fields": {"nombre": "Mouse"}}, {"model": "app.categorias", "pk": 7, "fields": {"nombre": "Memoria RAM"}}, {"model": "app.categorias", "pk": 8, "fields": {"nombre": "Gabinetes"}}, {"model": "app.categorias", "pk": 9, "fields": {"nombre": "Micrófonos"}}, {"model": "app.categorias", "pk": 10, "fields": {"nombre": "Monitores"}}, {"model": "app.categorias", "pk": 11, "fields": {"nombre": "Notebooks"}}, {"model": "app.categorias", "pk": 12, "fields": {"nombre": "Pasta térmica"}}, {"model": "app.categorias", "pk": 13, "fields": {"nombre": "Placas madres"}}, {"model": "app.categorias", "pk": 14, "fields": {"nombre": "Procesadores"}}, {"model": "app.categorias", "pk": 15, "fields": {"nombre": "Tarjetas de video"}}, {"model": "app.marcas", "pk": 1, "fields": {"nombre": "ADATA"}}, {"model": "app.marcas", "pk": 2, "fields": {"nombre": "AMD"}}, {"model": "app.marcas", "pk": 3, "fields": {"nombre": "AOC"}}, {"model": "app.marcas", "pk": 4, "fields": {"nombre": "ASROCK"}}, {"model": "app.marcas", "pk": 5, "fields": {"nombre": "ASUS"}}, {"model": "app.marcas", "pk": 6, "fields": {"nombre": "BITFENIX"}}, {"model": "app.marcas", "pk": 7, "fields": {"nombre": "COOLER MASTER"}}, {"model": "app.marcas", "pk": 8, "fields": {"nombre": "CORSAIR"}}, {"model": "app.marcas", "pk": 9, "fields": {"nombre": "COUGAR"}}, {"model": "app.marcas", "pk": 10, "fields": {"nombre": "CRUCIUAL"}}, {"model": "app.marcas", "pk": 11, "fields": {"nombre": "DXRACER"}}, {"model": "app.marcas", "pk": 12, "fields": {"nombre": "ELGATO"}}, {"model": "app.marcas", "pk": 13, "fields": {"nombre": "EVGA"}}, {"model": "app.marcas", "pk": 14, "fields": {"nombre": "FANTECH"}}, {"model": "app.marcas", "pk": 15, "fields": {"nombre": "FIFINE"}}, {"model": "app.marcas", "pk": 16, "fields": {"nombre": "G.SKILL"}}, {"model": "app.marcas", "pk": 17, "fields": {"nombre": "GENIUS"}}, {"model": "app.marcas", "pk": 18, "fields": {"nombre": "GIGABYTE"}}, {"model": "app.marcas", "pk": 19, "fields": {"nombre": "HP"}}, {"model": "app.marcas", "pk": 20, "fields": {"nombre": "HYPERX"}}, {"model": "app.marcas", "pk": 21, "fields": {"nombre": "INTEL"}}, {"model": "app.marcas", "pk": 22, "fields": {"nombre": "KINGSTON"}}, {"model": "app.marcas", "pk": 23, "fields": {"nombre": "LENOVO"}}, {"model": "app.marcas", "pk": 24, "fields": {"nombre": "LG"}}, {"model": "app.marcas", "pk": 25, "fields": {"nombre": "LOGITECH"}}, {"model": "app.marcas", "pk": 26, "fields": {"nombre": "MSI"}}, {"model": "app.marcas", "pk": 27, "fields": {"nombre": "PHILCO"}}, {"model": "app.marcas", "pk": 28, "fields": {"nombre": "PRIMUS GAMING"}}, {"model": "app.marcas", "pk": 29, "fields": {"nombre": "RAZER"}}, {"model": "app.marcas", "pk": 30, "fields": {"nombre": "SAMSUNG"}}, {"model": "app.marcas", "pk": 31, "fields": {"nombre": "SEAGATE"}}, {"model": "app.marcas", "pk": 32, "fields": {"nombre": "STEELSERIES"}}, {"model": "app.marcas", "pk": 33, "fields": {"nombre": "SONY"}}, {"model": "app.marcas", "pk": 34, "fields": {"nombre": "THERMALTAKE"}}, {"model": "app.marcas", "pk": 35, "fields": {"nombre": "VIEWSONIC"}}, {"model": "app.marcas", "pk": 36, "fields": {"nombre": "WACOM"}}, {"model": "app.marcas", "pk": 37, "fields": {"nombre": "WESTERN DIGITAL"}}, {"model": "app.marcas", "pk": 38, "fields": {"nombre": "ZOTAC"}}, {"model": "app.productos", "pk": 1, "fields": {"nombre": "Zotac GAMING GeForce GTX 1650 AMP [ZT-T16520D-10L]", "imagen": "productos/tmp0zcn57bd_310684c7_2ogTahZ.jpg", "descripcion": "Tarjeta de video Zotac GeForce GTX 1650 AMP, 4GB, GDDR6, 128-Bit, HDMI", "precio": 250000, "stock": 15, "videoid": "https://youtu.be/fPx0LNzgQm4", "destacado": false, "categoria": 15, "marca": 38, "descuento": 10}}, {"model": "app.productos", "pk": 2, "fields": {"nombre": "G.Skill Trident Z RGB F4-3200C16D-16GTZR (2 x 8GB | DIMM DDR4-3200)", "imagen": "productos/ram_jaoxkBS.jpg", "descripcion": "La memoria DDR4 2666 MHz UDIMM de G.Skill está diseñado para ayudar a aumentar las capacidades de tareas múltiples de su computadora de escritorio con 8 GB adicionales de memoria.     Características Marca: G. Skill Capacidad: 8GB Especificaciones: DDR4 PC4-21300 Latencia: 19-19-19 ECC: No-ECC Velocidad: 2666MHz Voltaje: 1.20v Tipo de DIMM: Unbuffered", "precio": 49990, "stock": 20, "videoid": "https://youtu.be/nujuAnZ9K50", "destacado": true, "categoria": 7, "marca": 16, "descuento": 0}}, {"model": "app.productos", "pk": 3, "fields": {"nombre": "Corsair Vengeance RGB Pro CMW16GX4M2D3600C18 (2 x 8GB | DIMM DDR4-3600)", "imagen": "productos/corsair_ram.jpg", "descripcion": "Marca: Corsair Tipo: Memoria DDR4 Configuración de la memoria: Canal Dual / Quad Paquete Formato de la memoria: DIMM Kit de memorias: Pin 288 Perfil rendimiento XMP 2.0 Tamaño de la memoria: Kit de 16 GB (2 x 8gb GB) Índice de velocidad: PC4-28800 (3600MHz) Latencia probada: CL18 (18-22-22) Velocidad: 3600MHz Voltaje: 1.35V", "precio": 45000, "stock": 5, "videoid": "https://youtu.be/nujuAnZ9K50", "destacado": true, "categoria": 7, "marca": 8, "descuento": 0}}, {"model": "app.productos", "pk": 4, "fields": {"nombre": "Gigabyte AORUS RGB GP-ARS16G37 (2 x 8GB | DIMM DDR4-3733)", "imagen": "productos/gigabyte-ram.png", "descripcion": "Tamaño de memoria: kit de 16 GB (2 x 8 GB) Frecuencia: DDR4-3733 MHz Temporización: 18-22-22-42 (XMP 3733 MHz) Compatible con AORUS MEMORY BOOST Perfil de rendimiento: XMP 2.0", "precio": 50000, "stock": 15, "videoid": "https://youtu.be/nujuAnZ9K50", "destacado": true, "categoria": 7, "marca": 18, "descuento": 0}}, {"model": "app.productos", "pk": 5, "fields": {"nombre": "Cougar Armor One - Royal Gold", "imagen": "productos/16022780_1.jpg", "descripcion": "Marca Cougar Part number 3MARRGLD.0001 Apoya brazos 3D Color Amarillo Iluminación No Peso soportado 120 kg. Dimensiones (Alto / Ancho / Profundidad) 1340 x 500 x 570 mm. Respaldo ajustable Sí Cojines ajustables Sí", "precio": 220000, "stock": 3, "videoid": "qez51H36kdI", "destacado": false, "categoria": 4, "marca": 9, "descuento": 10}}, {"model": "app.productos", "pk": 6, "fields": {"nombre": "Disco Duro 1Tb para PC WD Blue 3.5\" SATA 6 Gb/s 7200RPM 64MB", "imagen": "productos/hdd.jpg", "descripcion": "Disco duro Interfaz del disco duro\tSerial ATA III Capacidad de disco duro\t1000 GB Tamaño de disco duro\t3.5\" Velocidad de rotación de disco duro\t7200 RPM Unidad, tamaño de búfer\t64 MB Velocidad de transferencia de datos\t6 Gbit/s Ciclo comenzar/detener\t300000 Tecnología inteligente\tSi Certificación\tCE, RoHS Control de energía Consumo de energía (inactivo)\t1.2 W Consumo de energía (lectura)\t6.8 W Consumo de energía (escritura)\t6.8 W Consumo de energía (espera)\t6.1 W Requisitos del sistema Sistema o", "precio": 55000, "stock": 40, "videoid": "https://youtu.be/nujuAnZ9K50", "destacado": false, "categoria": 1, "marca": 37, "descuento": 5}}, {"model": "app.productos", "pk": 7, "fields": {"nombre": "H470 AORUS PRO AX (rev. 1.0)", "imagen": "productos/placa_madre.jpg", "descripcion": "ntel® H470 AORUS Motherboard with Direct 11+1 Phases Digital VRM Design, Comprehensive Thermal Solution with Enlarged Surface Heatsink, Dual Ultra-Fast NVMe PCIe 3.0 x4 M.2 with Thermal Guards, Intel® WiFi 6 802.11ax, Intel® 2.5GbE LAN, USB 3.2 Gen2 Type-C™ ,RGB FUSION 2.0  Supports 10th Gen Intel® Core™ Processors and 11th Gen Intel® Core™ Processors* Dual Channel Non-ECC Unbuffered DDR4, 4 DIMMs Direct 11+1 Phases Digital VRM Solution Advanced Thermal Design with Enlarged Surface Heatsink Smar", "precio": 150000, "stock": 5, "videoid": "https://youtu.be/nujuAnZ9K50", "destacado": false, "categoria": 13, "marca": 18, "descuento": 8}}, {"model": "app.productos", "pk": 8, "fields": {"nombre": "Z370 GODLIKE GAMING", "imagen": "productos/z370-20170925-2.png", "descripcion": "Soporta procesadores 8va Gen Intel® Core™ / Pentium® / Celeron® para socket LGA 1151  Soporta memoria DDR4-4133+(OC)  Killer xTend: Combina un interruptor integrado con extensor inalámbrico. Extensor Killer para LAN y WIFI con máxima priorización de tráfico. Mystic Light y Mystic Light Sync: Personaliza tu PC con 16,8 millones de colores / 17 efectos controlados con un clic a través de la APP Mystic Light o dispositivo móvil. Juego ultrarrápido: Triple Turbo M.2 con M.2 Shield V2, Turbo U.2 con", "precio": 299999, "stock": 2, "videoid": "https://youtu.be/nujuAnZ9K50", "destacado": true, "categoria": 13, "marca": 26, "descuento": 0}}, {"model": "app.productos", "pk": 9, "fields": {"nombre": "AMD Ryzen 5 3600", "imagen": "productos/123bd4c69c3046648c3ca0c7e24d25f3.png", "descripcion": "Familia de procesador\tAMD Ryzen 5 Frecuencia del procesador\t3,6 GHz Número de núcleos de procesador\t6 Socket de procesador\tSocket AM4 Componente para\tPC Litografía del procesador\t7 nm Caja\tSi Refrigerador incluido\tSi Modelo del procesador\t3600 Número de filamentos de procesador\t12 Modo de procesador operativo\t64 bits Caché del procesador\t32 MB Tipo de cache en procesador\tL3 Canales de memoria que admite el procesador\tDual Tipos de memoria que admite el procesador\tDDR4-SDRAM Velocidad de reloj de", "precio": 219990, "stock": 5, "videoid": "kC-hsthFUQxt_gTU", "destacado": false, "categoria": 14, "marca": 2, "descuento": 20}}, {"model": "app.region", "pk": 1, "fields": {"nombre_region": "Arica y Parinacota", "abreviatura": "AP", "capital": "Arica"}}, {"model": "app.region", "pk": 2, "fields": {"nombre_region": "Tarapacá", "abreviatura": "TA", "capital": "Iquique"}}, {"model": "app.region", "pk": 3, "fields": {"nombre_region": "Antofagasta", "abreviatura": "AN", "capital": "Antofagasta"}}, {"model": "app.region", "pk": 4, "fields": {"nombre_region": "Atacama", "abreviatura": "AT", "capital": "Copiapó"}}, {"model": "app.region", "pk": 5, "fields": {"nombre_region": "Coquimbo", "abreviatura": "CO", "capital": "La Serena"}}, {"model": "app.region", "pk": 6, "fields": {"nombre_region": "Valparaiso", "abreviatura": "VA", "capital": "valparaíso"}}, {"model": "app.region", "pk": 7, "fields": {"nombre_region": "Metropolitana de Santiago", "abreviatura": "RM", "capital": "Santiago"}}, {"model": "app.region", "pk": 8, "fields": {"nombre_region": "Libertador General Bernardo O'Higgins", "abreviatura": "OH", "capital": "Rancagua"}}, {"model": "app.region", "pk": 9, "fields": {"nombre_region": "Maule", "abreviatura": "MA", "capital": "Talca"}}, {"model": "app.region", "pk": 10, "fields": {"nombre_region": "Ñuble", "abreviatura": "NB", "capital": "Chillán"}}, {"model": "app.region", "pk": 11, "fields": {"nombre_region": "Biobío", "abreviatura": "BI", "capital": "Concepción"}}, {"model": "app.region", "pk": 12, "fields": {"nombre_region": "La Araucanía", "abreviatura": "IAR", "capital": "Temuco"}}, {"model": "app.region", "pk": 13, "fields": {"nombre_region": "Los Ríos", "abreviatura": "LR", "capital": "Valdivia"}}, {"model": "app.region", "pk": 14, "fields": {"nombre_region": "Los Lagos", "abreviatura": "LL", "capital": "Puerto Montt"}}, {"model": "app.region", "pk": 15, "fields": {"nombre_region": "Aysén del General Carlos Ibáñez del Campo", "abreviatura": "AI", "capital": "Coyhaique"}}, {"model": "app.region", "pk": 16, "fields": {"nombre_region": "Magallanes y de la Antártica Chilena", "abreviatura": "MG", "capital": "Punta Arenas"}}, {"model": "app.provincia", "pk": 1, "fields": {"nombre_provincia": "Arica", "region": 1}}, {"model": "app.provincia", "pk": 2, "fields": {"nombre_provincia": "Parinacota", "region": 1}}, {"model": "app.provincia", "pk": 3, "fields": {"nombre_provincia": "Iquique", "region": 2}}, {"model": "app.provincia", "pk": 4, "fields": {"nombre_provincia": "El Tamarugal", "region": 2}}, {"model": "app.provincia", "pk": 5, "fields": {"nombre_provincia": "Tocopilla", "region": 3}}, {"model": "app.provincia", "pk": 6, "fields": {"nombre_provincia": "El Loa", "region": 3}}, {"model": "app.provincia", "pk": 7, "fields": {"nombre_provincia": "Antofagasta", "region": 3}}, {"model": "app.provincia", "pk": 8, "fields": {"nombre_provincia": "Chañaral", "region": 4}}, {"model": "app.provincia", "pk": 9, "fields": {"nombre_provincia": "Copiapó", "region": 4}}, {"model": "app.provincia", "pk": 10, "fields": {"nombre_provincia": "Huasco", "region": 4}}, {"model": "app.provincia", "pk": 11, "fields": {"nombre_provincia": "Elqui", "region": 5}}, {"model": "app.provincia", "pk": 12, "fields": {"nombre_provincia": "Limarí", "region": 5}}, {"model": "app.provincia", "pk": 13, "fields": {"nombre_provincia": "Choapa", "region": 5}}, {"model": "app.provincia", "pk": 14, "fields": {"nombre_provincia": "Petorca", "region": 6}}, {"model": "app.provincia", "pk": 15, "fields": {"nombre_provincia": "Los Andes", "region": 6}}, {"model": "app.provincia", "pk": 16, "fields": {"nombre_provincia": "San Felipe de Aconcagua", "region": 6}}, {"model": "app.provincia", "pk": 17, "fields": {"nombre_provincia": "Quillota", "region": 6}}, {"model": "app.provincia", "pk": 18, "fields": {"nombre_provincia": "Valparaiso", "region": 6}}, {"model": "app.provincia", "pk": 19, "fields": {"nombre_provincia": "San Antonio", "region": 6}}, {"model": "app.provincia", "pk": 20, "fields": {"nombre_provincia": "Isla de Pascua", "region": 6}}, {"model": "app.provincia", "pk": 21, "fields": {"nombre_provincia": "Marga Marga", "region": 6}}, {"model": "app.provincia", "pk": 22, "fields": {"nombre_provincia": "Chacabuco", "region": 7}}, {"model": "app.provincia", "pk": 23, "fields": {"nombre_provincia": "Santiago", "region": 7}}, {"model": "app.provincia", "pk": 24, "fields": {"nombre_provincia": "Cordillera", "region": 7}}, {"model": "app.provincia", "pk": 25, "fields": {"nombre_provincia": "Maipo", "region": 7}}, {"model": "app.provincia", "pk": 26, "fields": {"nombre_provincia": "Melipilla", "region": 7}}, {"model": "app.provincia", "pk": 27, "fields": {"nombre_provincia": "Talagante", "region": 7}}, {"model": "app.provincia", "pk": 28, "fields": {"nombre_provincia": "Cachapoal", "region": 8}}, {"model": "app.provincia", "pk": 29, "fields": {"nombre_provincia": "Colchagua", "region": 8}}, {"model": "app.provincia", "pk": 30, "fields": {"nombre_provincia": "Cardenal Caro", "region": 8}}, {"model": "app.provincia", "pk": 31, "fields": {"nombre_provincia": "Curicó", "region": 9}}, {"model": "app.provincia", "pk": 32, "fields": {"nombre_provincia": "Talca", "region": 9}}, {"model": "app.provincia", "pk": 33, "fields": {"nombre_provincia": "Linares", "region": 9}}, {"model": "app.provincia", "pk": 34, "fields": {"nombre_provincia": "Cauquenes", "region": 9}}, {"model": "app.provincia", "pk": 35, "fields": {"nombre_provincia": "Diguillín", "region": 10}}, {"model": "app.provincia", "pk": 36, "fields": {"nombre_provincia": "Itata", "region": 10}}, {"model": "app.provincia", "pk": 37, "fields": {"nombre_provincia": "Punilla", "region": 10}}, {"model": "app.provincia", "pk": 38, "fields": {"nombre_provincia": "Bio Bío", "region": 11}}, {"model": "app.provincia", "pk": 39, "fields": {"nombre_provincia": "Concepción", "region": 11}}, {"model": "app.provincia", "pk": 40, "fields": {"nombre_provincia": "Arauco", "region": 11}}, {"model": "app.provincia", "pk": 41, "fields": {"nombre_provincia": "Malleco", "region": 12}}, {"model": "app.provincia", "pk": 42, "fields": {"nombre_provincia": "Cautín", "region": 12}}, {"model": "app.provincia", "pk": 43, "fields": {"nombre_provincia": "Valdivia", "region": 13}}, {"model": "app.provincia", "pk": 44, "fields": {"nombre_provincia": "Ranco", "region": 13}}, {"model": "app.provincia", "pk": 45, "fields": {"nombre_provincia": "Osorno", "region": 14}}, {"model": "app.provincia", "pk": 46, "fields": {"nombre_provincia": "Llanquihue", "region": 14}}, {"model": "app.provincia", "pk": 47, "fields": {"nombre_provincia": "Chiloé", "region": 14}}, {"model": "app.provincia", "pk": 48, "fields": {"nombre_provincia": "Palena", "region": 14}}, {"model": "app.provincia", "pk": 49, "fields": {"nombre_provincia": "Coyhaique", "region": 15}}, {"model": "app.provincia", "pk": 50, "fields": {"nombre_provincia": "Aysén", "region": 15}}, {"model": "app.provincia", "pk": 51, "fields": {"nombre_provincia": "General Carrera", "region": 15}}, {"model": "app.provincia", "pk": 52, "fields": {"nombre_provincia": "Capitán Prat", "region": 15}}, {"model": "app.provincia", "pk": 53, "fields": {"nombre_provincia": "Última Esperanza", "region": 16}}, {"model": "app.provincia", "pk": 54, "fields": {"nombre_provincia": "Magallanes", "region": 16}}, {"model": "app.provincia", "pk": 55, "fields": {"nombre_provincia": "Tierra del Fuego", "region": 16}}, {"model": "app.provincia", "pk": 56, "fields": {"nombre_provincia": "Antártica Chilena", "region": 16}}, {"model": "app.comuna", "pk": 1, "fields": {"nombre_comuna": "Arica", "provincia": 1}}, {"model": "app.comuna", "pk": 2, "fields": {"nombre_comuna": "Camarones", "provincia": 1}}, {"model": "app.comuna", "pk": 3, "fields": {"nombre_comuna": "General Lagos", "provincia": 2}}, {"model": "app.comuna", "pk": 4, "fields": {"nombre_comuna": "Putre", "provincia": 2}}, {"model": "app.comuna", "pk": 5, "fields": {"nombre_comuna": "Alto Hospicio", "provincia": 3}}, {"model": "app.comuna", "pk": 6, "fields": {"nombre_comuna": "Iquique", "provincia": 3}}, {"model": "app.comuna", "pk": 7, "fields": {"nombre_comuna": "Camiña", "provincia": 4}}, {"model": "app.comuna", "pk": 8, "fields": {"nombre_comuna": "Colchane", "provincia": 4}}, {"model": "app.comuna", "pk": 9, "fields": {"nombre_comuna": "Huara", "provincia": 4}}, {"model": "app.comuna", "pk": 10, "fields": {"nombre_comuna": "Pica", "provincia": 4}}, {"model": "app.comuna", "pk": 11, "fields": {"nombre_comuna": "Pozo Almonte", "provincia": 4}}, {"model": "app.comuna", "pk": 12, "fields": {"nombre_comuna": "Tocopilla", "provincia": 5}}, {"model": "app.comuna", "pk": 13, "fields": {"nombre_comuna": "María Elena", "provincia": 5}}, {"model": "app.comuna", "pk": 14, "fields": {"nombre_comuna": "Calama", "provincia": 6}}, {"model": "app.comuna", "pk": 15, "fields": {"nombre_comuna": "Ollague", "provincia": 6}}, {"model": "app.comuna", "pk": 16, "fields": {"nombre_comuna": "San Pedro de Atacama", "provincia": 6}}, {"model": "app.comuna", "pk": 17, "fields": {"nombre_comuna": "Antofagasta", "provincia": 7}}, {"model": "app.comuna", "pk": 18, "fields": {"nombre_comuna": "Mejillones", "provincia": 7}}, {"model": "app.comuna", "pk": 19, "fields": {"nombre_comuna": "Sierra Gorda", "provincia": 7}}, {"model": "app.comuna", "pk": 20, "fields": {"nombre_comuna": "Taltal", "provincia": 7}}, {"model": "app.comuna", "pk": 21, "fields": {"nombre_comuna": "Chañaral", "provincia": 8}}, {"model": "app.comuna", "pk": 22, "fields": {"nombre_comuna": "Diego de Almagro", "provincia": 8}}, {"model": "app.comuna", "pk": 23, "fields": {"nombre_comuna": "Copiapó", "provincia": 9}}, {"model": "app.comuna", "pk": 24, "fields": {"nombre_comuna": "Caldera", "provincia": 9}}, {"model": "app.comuna", "pk": 25, "fields": {"nombre_comuna": "Tierra Amarilla", "provincia": 9}}, {"model": "app.comuna", "pk": 26, "fields": {"nombre_comuna": "Vallenar", "provincia": 10}}, {"model": "app.comuna", "pk": 27, "fields": {"nombre_comuna": "Alto del Carmen", "provincia": 10}}, {"model": "app.comuna", "pk": 28, "fields": {"nombre_comuna": "Freirina", "provincia": 10}}, {"model": "app.comuna", "pk": 29, "fields": {"nombre_comuna": "Huasco", "provincia": 10}}, {"model": "app.comuna", "pk": 30, "fields": {"nombre_comuna": "La Serena", "provincia": 11}}, {"model": "app.comuna", "pk": 31, "fields": {"nombre_comuna": "Coquimbo", "provincia": 11}}, {"model": "app.comuna", "pk": 32, "fields": {"nombre_comuna": "Andacollo", "provincia": 11}}, {"model": "app.comuna", "pk": 33, "fields": {"nombre_comuna": "La Higuera", "provincia": 11}}, {"model": "app.comuna", "pk": 34, "fields": {"nombre_comuna": "Paihuano", "provincia": 11}}, {"model": "app.comuna", "pk": 35, "fields": {"nombre_comuna": "Vicuña", "provincia": 11}}, {"model": "app.comuna", "pk": 36, "fields": {"nombre_comuna": "Ovalle", "provincia": 12}}, {"model": "app.comuna", "pk": 37, "fields": {"nombre_comuna": "Combarbalá", "provincia": 12}}, {"model": "app.comuna", "pk": 38, "fields": {"nombre_comuna": "Monte Patria", "provincia": 12}}, {"model": "app.comuna", "pk": 39, "fields": {"nombre_comuna": "Punitaqui", "provincia": 12}}, {"model": "app.comuna", "pk": 40, "fields": {"nombre_comuna": "Río Hurtado", "provincia": 12}}, {"model": "app.comuna", "pk": 41, "fields": {"nombre_comuna": "Illapel", "provincia": 13}}, {"model": "app.comuna", "pk": 42, "fields": {"nombre_comuna": "Canela", "provincia": 13}}, {"model": "app.comuna", "pk": 43, "fields": {"nombre_comuna": "Los Vilos", "provincia": 13}}, {"model": "app.comuna", "pk": 44, "fields": {"nombre_comuna": "Salamanca", "provincia": 13}}, {"model": "app.comuna", "pk": 45, "fields": {"nombre_comuna": "La Ligua", "provincia": 14}}, {"model": "app.comuna", "pk": 46, "fields": {"nombre_comuna": "Cabildo", "provincia": 14}}, {"model": "app.comuna", "pk": 47, "fields": {"nombre_comuna": "Zapallar", "provincia": 14}}, {"model": "app.comuna", "pk": 48, "fields": {"nombre_comuna": "Papudo", "provincia": 14}}, {"model": "app.comuna", "pk": 49, "fields": {"nombre_comuna": "Petorca", "provincia": 14}}, {"model": "app.comuna", "pk": 50, "fields": {"nombre_comuna": "Los Andes", "provincia": 15}}, {"model": "app.comuna", "pk": 51, "fields": {"nombre_comuna": "San Esteban", "provincia": 15}}, {"model": "app.comuna", "pk": 52, "fields": {"nombre_comuna": "Calle Larga", "provincia": 15}}, {"model": "app.comuna", "pk": 53, "fields": {"nombre_comuna": "Rinconada", "provincia": 15}}, {"model": "app.comuna", "pk": 54, "fields": {"nombre_comuna": "San Felipe", "provincia": 16}}, {"model": "app.comuna", "pk": 55, "fields": {"nombre_comuna": "Llaillay", "provincia": 16}}, {"model": "app.comuna", "pk": 56, "fields": {"nombre_comuna": "Putaendo", "provincia": 16}}, {"model": "app.comuna", "pk": 57, "fields": {"nombre_comuna": "Santa María", "provincia": 16}}, {"model": "app.comuna", "pk": 58, "fields": {"nombre_comuna": "Catemu", "provincia": 16}}, {"model": "app.comuna", "pk": 59, "fields": {"nombre_comuna": "Panquehue", "provincia": 16}}, {"model": "app.comuna", "pk": 60, "fields": {"nombre_comuna": "Quillota", "provincia": 17}}, {"model": "app.comuna", "pk": 61, "fields": {"nombre_comuna": "La Cruz", "provincia": 17}}, {"model": "app.comuna", "pk": 62, "fields": {"nombre_comuna": "La Calera", "provincia": 17}}, {"model": "app.comuna", "pk": 63, "fields": {"nombre_comuna": "Nogales", "provincia": 17}}, {"model": "app.comuna", "pk": 64, "fields": {"nombre_comuna": "Hijuelas", "provincia": 17}}, {"model": "app.comuna", "pk": 65, "fields": {"nombre_comuna": "Valparaíso", "provincia": 18}}, {"model": "app.comuna", "pk": 66, "fields": {"nombre_comuna": "Viña del Mar", "provincia": 18}}, {"model": "app.comuna", "pk": 67, "fields": {"nombre_comuna": "Concón", "provincia": 18}}, {"model": "app.comuna", "pk": 68, "fields": {"nombre_comuna": "Quintero", "provincia": 18}}, {"model": "app.comuna", "pk": 69, "fields": {"nombre_comuna": "Puchuncaví", "provincia": 18}}, {"model": "app.comuna", "pk": 70, "fields": {"nombre_comuna": "Casablanca", "provincia": 18}}, {"model": "app.comuna", "pk": 71, "fields": {"nombre_comuna": "Juan Fernández", "provincia": 18}}, {"model": "app.comuna", "pk": 72, "fields": {"nombre_comuna": "San Antonio", "provincia": 19}}, {"model": "app.comuna", "pk": 73, "fields": {"nombre_comuna": "Cartagena", "provincia": 19}}, {"model": "app.comuna", "pk": 74, "fields": {"nombre_comuna": "El Tabo", "provincia": 19}}, {"model": "app.comuna", "pk": 75, "fields": {"nombre_comuna": "El Quisco", "provincia": 19}}, {"model": "app.comuna", "pk": 76, "fields": {"nombre_comuna": "Algarrobo", "provincia": 19}}, {"model": "app.comuna", "pk": 77, "fields": {"nombre_comuna": "Santo Domingo", "provincia": 19}}, {"model": "app.comuna", "pk": 78, "fields": {"nombre_comuna": "Isla de Pascua", "provincia": 20}}, {"model": "app.comuna", "pk": 79, "fields": {"nombre_comuna": "Quilpué", "provincia": 21}}, {"model": "app.comuna", "pk": 80, "fields": {"nombre_comuna": "Limache", "provincia": 21}}, {"model": "app.comuna", "pk": 81, "fields": {"nombre_comuna": "Olmué", "provincia": 21}}, {"model": "app.comuna", "pk": 82, "fields": {"nombre_comuna": "Villa Alemana", "provincia": 21}}, {"model": "app.comuna", "pk": 83, "fields": {"nombre_comuna": "Colina", "provincia": 22}}, {"model": "app.comuna", "pk": 84, "fields": {"nombre_comuna": "Lampa", "provincia": 22}}, {"model": "app.comuna", "pk": 85, "fields": {"nombre_comuna": "Tiltil", "provincia": 22}}, {"model": "app.comuna", "pk": 86, "fields": {"nombre_comuna": "Santiago", "provincia": 23}}, {"model": "app.comuna", "pk": 87, "fields": {"nombre_comuna": "Vitacura", "provincia": 23}}, {"model": "app.comuna", "pk": 88, "fields": {"nombre_comuna": "San Ramón", "provincia": 23}}, {"model": "app.comuna", "pk": 89, "fields": {"nombre_comuna": "San Miguel", "provincia": 23}}, {"model": "app.comuna", "pk": 90, "fields": {"nombre_comuna": "San Joaquín", "provincia": 23}}, {"model": "app.comuna", "pk": 91, "fields": {"nombre_comuna": "Renca", "provincia": 23}}, {"model": "app.comuna", "pk": 92, "fields": {"nombre_comuna": "Recoleta", "provincia": 23}}, {"model": "app.comuna", "pk": 93, "fields": {"nombre_comuna": "Quinta Normal", "provincia": 23}}, {"model": "app.comuna", "pk": 94, "fields": {"nombre_comuna": "Quilicura", "provincia": 23}}, {"model": "app.comuna", "pk": 95, "fields": {"nombre_comuna": "Pudahuel", "provincia": 23}}, {"model": "app.comuna", "pk": 96, "fields": {"nombre_comuna": "Providencia", "provincia": 23}}, {"model": "app.comuna", "pk": 97, "fields": {"nombre_comuna": "Peñalolén", "provincia": 23}}, {"model": "app.comuna", "pk": 98, "fields": {"nombre_comuna": "Pedro Aguirre Cerda", "provincia": 23}}, {"model": "app.comuna", "pk": 99, "fields": {"nombre_comuna": "Ñuñoa", "provincia": 23}}, {"model": "app.comuna", "pk": 100, "fields": {"nombre_comuna": "Maipú", "provincia": 23}}, {"model": "app.comuna", "pk": 101, "fields": {"nombre_comuna": "Macul", "provincia": 23}}, {"model": "app.comuna", "pk": 102, "fields": {"nombre_comuna": "Lo Prado", "provincia": 23}}, {"model": "app.comuna", "pk": 103, "fields": {"nombre_comuna": "Lo Espejo", "provincia": 23}}, {"model": "app.comuna", "pk": 104, "fields": {"nombre_comuna": "Lo Barnechea", "provincia": 23}}, {"model": "app.comuna", "pk": 105, "fields": {"nombre_comuna": "Las Condes", "provincia": 23}}, {"model": "app.comuna", "pk": 106, "fields": {"nombre_comuna": "La Reina", "provincia": 23}}, {"model": "app.comuna", "pk": 107, "fields": {"nombre_comuna": "La Pintana", "provincia": 23}}, {"model": "app.comuna", "pk": 108, "fields": {"nombre_comuna": "La Granja", "provincia": 23}}, {"model": "app.comuna", "pk": 109, "fields": {"nombre_comuna": "La Florida", "provincia": 23}}, {"model": "app.comuna", "pk": 110, "fields": {"nombre_comuna": "La Cisterna", "provincia": 23}}, {"model": "app.comuna", "pk": 111, "fields": {"nombre_comuna": "Independencia", "provincia": 23}}, {"model": "app.comuna", "pk": 112, "fields": {"nombre_comuna": "Huechuraba", "provincia": 23}}, {"model": "app.comuna", "pk": 113, "fields": {"nombre_comuna": "Estación Central", "provincia": 23}}, {"model": "app.comuna", "pk": 114, "fields": {"nombre_comuna": "El Bosque", "provincia": 23}}, {"model": "app.comuna", "pk": 115, "fields": {"nombre_comuna": "Conchalí", "provincia": 23}}, {"model": "app.comuna", "pk": 116, "fields": {"nombre_comuna": "Cerro Navia", "provincia": 23}}, {"model": "app.comuna", "pk": 117, "fields": {"nombre_comuna": "Cerrillos", "provincia": 23}}, {"model": "app.comuna", "pk": 118, "fields": {"nombre_comuna": "Puente Alto", "provincia": 24}}, {"model": "app.comuna", "pk": 119, "fields": {"nombre_comuna": "San José de Maipo", "provincia": 24}}, {"model": "app.comuna", "pk": 120, "fields": {"nombre_comuna": "Pirque", "provincia": 24}}, {"model": "app.comuna", "pk": 121, "fields": {"nombre_comuna": "San Bernardo", "provincia": 25}}, {"model": "app.comuna", "pk": 122, "fields": {"nombre_comuna": "Buin", "provincia": 25}}, {"model": "app.comuna", "pk": 123, "fields": {"nombre_comuna": "Paine", "provincia": 25}}, {"model": "app.comuna", "pk": 124, "fields": {"nombre_comuna": "Calera de Tango", "provincia": 25}}, {"model": "app.comuna", "pk": 125, "fields": {"nombre_comuna": "Melipilla", "provincia": 26}}, {"model": "app.comuna", "pk": 126, "fields": {"nombre_comuna": "Alhué", "provincia": 26}}, {"model": "app.comuna", "pk": 127, "fields": {"nombre_comuna": "Curacaví", "provincia": 26}}, {"model": "app.comuna", "pk": 128, "fields": {"nombre_comuna": "María Pinto", "provincia": 26}}, {"model": "app.comuna", "pk": 129, "fields": {"nombre_comuna": "San Pedro", "provincia": 26}}, {"model": "app.comuna", "pk": 130, "fields": {"nombre_comuna": "Isla de Maipo", "provincia": 27}}, {"model": "app.comuna", "pk": 131, "fields": {"nombre_comuna": "El Monte", "provincia": 27}}, {"model": "app.comuna", "pk": 132, "fields": {"nombre_comuna": "Padre Hurtado", "provincia": 27}}, {"model": "app.comuna", "pk": 133, "fields": {"nombre_comuna": "Peñaflor", "provincia": 27}}, {"model": "app.comuna", "pk": 134, "fields": {"nombre_comuna": "Talagante", "provincia": 27}}, {"model": "app.comuna", "pk": 135, "fields": {"nombre_comuna": "Codegua", "provincia": 28}}, {"model": "app.comuna", "pk": 136, "fields": {"nombre_comuna": "Coínco", "provincia": 28}}, {"model": "app.comuna", "pk": 137, "fields": {"nombre_comuna": "Coltauco", "provincia": 28}}, {"model": "app.comuna", "pk": 138, "fields": {"nombre_comuna": "Doñihue", "provincia": 28}}, {"model": "app.comuna", "pk": 139, "fields": {"nombre_comuna": "Graneros", "provincia": 28}}, {"model": "app.comuna", "pk": 140, "fields": {"nombre_comuna": "Las Cabras", "provincia": 28}}, {"model": "app.comuna", "pk": 141, "fields": {"nombre_comuna": "Machalí", "provincia": 28}}, {"model": "app.comuna", "pk": 142, "fields": {"nombre_comuna": "Malloa", "provincia": 28}}, {"model": "app.comuna", "pk": 143, "fields": {"nombre_comuna": "Mostazal", "provincia": 28}}, {"model": "app.comuna", "pk": 144, "fields": {"nombre_comuna": "Olivar", "provincia": 28}}, {"model": "app.comuna", "pk": 145, "fields": {"nombre_comuna": "Peumo", "provincia": 28}}, {"model": "app.comuna", "pk": 146, "fields": {"nombre_comuna": "Pichidegua", "provincia": 28}}, {"model": "app.comuna", "pk": 147, "fields": {"nombre_comuna": "Quinta de Tilcoco", "provincia": 28}}, {"model": "app.comuna", "pk": 148, "fields": {"nombre_comuna": "Rancagua", "provincia": 28}}, {"model": "app.comuna", "pk": 149, "fields": {"nombre_comuna": "Rengo", "provincia": 28}}, {"model": "app.comuna", "pk": 150, "fields": {"nombre_comuna": "Requínoa", "provincia": 28}}, {"model": "app.comuna", "pk": 151, "fields": {"nombre_comuna": "San Vicente de Tagua Tagua", "provincia": 28}}, {"model": "app.comuna", "pk": 152, "fields": {"nombre_comuna": "Chépica", "provincia": 29}}, {"model": "app.comuna", "pk": 153, "fields": {"nombre_comuna": "Chimbarongo", "provincia": 29}}, {"model": "app.comuna", "pk": 154, "fields": {"nombre_comuna": "Lolol", "provincia": 29}}, {"model": "app.comuna", "pk": 155, "fields": {"nombre_comuna": "Nancagua", "provincia": 29}}, {"model": "app.comuna", "pk": 156, "fields": {"nombre_comuna": "Palmilla", "provincia": 29}}, {"model": "app.comuna", "pk": 157, "fields": {"nombre_comuna": "Peralillo", "provincia": 29}}, {"model": "app.comuna", "pk": 158, "fields": {"nombre_comuna": "Placilla", "provincia": 29}}, {"model": "app.comuna", "pk": 159, "fields": {"nombre_comuna": "Pumanque", "provincia": 29}}, {"model": "app.comuna", "pk": 160, "fields": {"nombre_comuna": "San Fernando", "provincia": 29}}, {"model": "app.comuna", "pk": 161, "fields": {"nombre_comuna": "Santa Cruz", "provincia": 29}}, {"model": "app.comuna", "pk": 162, "fields": {"nombre_comuna": "La Estrella", "provincia": 30}}, {"model": "app.comuna", "pk": 163, "fields": {"nombre_comuna": "Litueche", "provincia": 30}}, {"model": "app.comuna", "pk": 164, "fields": {"nombre_comuna": "Marchigüe", "provincia": 30}}, {"model": "app.comuna", "pk": 165, "fields": {"nombre_comuna": "Navidad", "provincia": 30}}, {"model": "app.comuna", "pk": 166, "fields": {"nombre_comuna": "Paredones", "provincia": 30}}, {"model": "app.comuna", "pk": 167, "fields": {"nombre_comuna": "Pichilemu", "provincia": 30}}, {"model": "app.comuna", "pk": 168, "fields": {"nombre_comuna": "Curicó", "provincia": 31}}, {"model": "app.comuna", "pk": 169, "fields": {"nombre_comuna": "Hualañé", "provincia": 31}}, {"model": "app.comuna", "pk": 170, "fields": {"nombre_comuna": "Licantén", "provincia": 31}}, {"model": "app.comuna", "pk": 171, "fields": {"nombre_comuna": "Molina", "provincia": 31}}, {"model": "app.comuna", "pk": 172, "fields": {"nombre_comuna": "Rauco", "provincia": 31}}, {"model": "app.comuna", "pk": 173, "fields": {"nombre_comuna": "Romeral", "provincia": 31}}, {"model": "app.comuna", "pk": 174, "fields": {"nombre_comuna": "Sagrada Familia", "provincia": 31}}, {"model": "app.comuna", "pk": 175, "fields": {"nombre_comuna": "Teno", "provincia": 31}}, {"model": "app.comuna", "pk": 176, "fields": {"nombre_comuna": "Vichuquén", "provincia": 31}}, {"model": "app.comuna", "pk": 177, "fields": {"nombre_comuna": "Talca", "provincia": 32}}, {"model": "app.comuna", "pk": 178, "fields": {"nombre_comuna": "San Clemente", "provincia": 32}}, {"model": "app.comuna", "pk": 179, "fields": {"nombre_comuna": "Pelarco", "provincia": 32}}, {"model": "app.comuna", "pk": 180, "fields": {"nombre_comuna": "Pencahue", "provincia": 32}}, {"model": "app.comuna", "pk": 181, "fields": {"nombre_comuna": "Maule", "provincia": 32}}, {"model": "app.comuna", "pk": 182, "fields": {"nombre_comuna": "San Rafael", "provincia": 32}}, {"model": "app.comuna", "pk": 183, "fields": {"nombre_comuna": "Curepto", "provincia": 33}}, {"model": "app.comuna", "pk": 184, "fields": {"nombre_comuna": "Constitución", "provincia": 32}}, {"model": "app.comuna", "pk": 185, "fields": {"nombre_comuna": "Empedrado", "provincia": 32}}, {"model": "app.comuna", "pk": 186, "fields": {"nombre_comuna": "Río Claro", "provincia": 32}}, {"model": "app.comuna", "pk": 187, "fields": {"nombre_comuna": "Linares", "provincia": 33}}, {"model": "app.comuna", "pk": 188, "fields": {"nombre_comuna": "San Javier", "provincia": 33}}, {"model": "app.comuna", "pk": 189, "fields": {"nombre_comuna": "Parral", "provincia": 33}}, {"model": "app.comuna", "pk": 190, "fields": {"nombre_comuna": "Villa Alegre", "provincia": 33}}, {"model": "app.comuna", "pk": 191, "fields": {"nombre_comuna": "Longaví", "provincia": 33}}, {"model": "app.comuna", "pk": 192, "fields": {"nombre_comuna": "Colbún", "provincia": 33}}, {"model": "app.comuna", "pk": 193, "fields": {"nombre_comuna": "Retiro", "provincia": 33}}, {"model": "app.comuna", "pk": 194, "fields": {"nombre_comuna": "Yerbas Buenas", "provincia": 33}}, {"model": "app.comuna", "pk": 195, "fields": {"nombre_comuna": "Cauquenes", "provincia": 34}}, {"model": "app.comuna", "pk": 196, "fields": {"nombre_comuna": "Chanco", "provincia": 34}}, {"model": "app.comuna", "pk": 197, "fields": {"nombre_comuna": "Pelluhue", "provincia": 34}}, {"model": "app.comuna", "pk": 198, "fields": {"nombre_comuna": "Bulnes", "provincia": 35}}, {"model": "app.comuna", "pk": 199, "fields": {"nombre_comuna": "Chillán", "provincia": 35}}, {"model": "app.comuna", "pk": 200, "fields": {"nombre_comuna": "Chillán Viejo", "provincia": 35}}, {"model": "app.comuna", "pk": 201, "fields": {"nombre_comuna": "El Carmen", "provincia": 35}}, {"model": "app.comuna", "pk": 202, "fields": {"nombre_comuna": "Pemuco", "provincia": 35}}, {"model": "app.comuna", "pk": 203, "fields": {"nombre_comuna": "Pinto", "provincia": 35}}, {"model": "app.comuna", "pk": 204, "fields": {"nombre_comuna": "Quillón", "provincia": 35}}, {"model": "app.comuna", "pk": 205, "fields": {"nombre_comuna": "San Ignacio", "provincia": 35}}, {"model": "app.comuna", "pk": 206, "fields": {"nombre_comuna": "Yungay", "provincia": 35}}, {"model": "app.comuna", "pk": 207, "fields": {"nombre_comuna": "Cobquecura", "provincia": 36}}, {"model": "app.comuna", "pk": 208, "fields": {"nombre_comuna": "Coelemu", "provincia": 36}}, {"model": "app.comuna", "pk": 209, "fields": {"nombre_comuna": "Ninhue", "provincia": 36}}, {"model": "app.comuna", "pk": 210, "fields": {"nombre_comuna": "Portezuelo", "provincia": 36}}, {"model": "app.comuna", "pk": 211, "fields": {"nombre_comuna": "Quirihue", "provincia": 36}}, {"model": "app.comuna", "pk": 212, "fields": {"nombre_comuna": "Ránquil", "provincia": 36}}, {"model": "app.comuna", "pk": 213, "fields": {"nombre_comuna": "Treguaco", "provincia": 36}}, {"model": "app.comuna", "pk": 214, "fields": {"nombre_comuna": "San Carlos", "provincia": 37}}, {"model": "app.comuna", "pk": 215, "fields": {"nombre_comuna": "Coihueco", "provincia": 37}}, {"model": "app.comuna", "pk": 216, "fields": {"nombre_comuna": "San Nicolás", "provincia": 37}}, {"model": "app.comuna", "pk": 217, "fields": {"nombre_comuna": "Ñiquén", "provincia": 37}}, {"model": "app.comuna", "pk": 218, "fields": {"nombre_comuna": "San Fabián", "provincia": 37}}, {"model": "app.comuna", "pk": 219, "fields": {"nombre_comuna": "Alto Biobío", "provincia": 38}}, {"model": "app.comuna", "pk": 220, "fields": {"nombre_comuna": "Antuco", "provincia": 38}}, {"model": "app.comuna", "pk": 221, "fields": {"nombre_comuna": "Cabrero", "provincia": 38}}, {"model": "app.comuna", "pk": 222, "fields": {"nombre_comuna": "Laja", "provincia": 38}}, {"model": "app.comuna", "pk": 223, "fields": {"nombre_comuna": "Los Ángeles", "provincia": 38}}, {"model": "app.comuna", "pk": 224, "fields": {"nombre_comuna": "Mulchén", "provincia": 38}}, {"model": "app.comuna", "pk": 225, "fields": {"nombre_comuna": "Nacimiento", "provincia": 38}}, {"model": "app.comuna", "pk": 226, "fields": {"nombre_comuna": "Negrete", "provincia": 38}}, {"model": "app.comuna", "pk": 227, "fields": {"nombre_comuna": "Quilaco", "provincia": 38}}, {"model": "app.comuna", "pk": 228, "fields": {"nombre_comuna": "Quilleco", "provincia": 38}}, {"model": "app.comuna", "pk": 229, "fields": {"nombre_comuna": "San Rosendo", "provincia": 38}}, {"model": "app.comuna", "pk": 230, "fields": {"nombre_comuna": "Santa Bárbara", "provincia": 38}}, {"model": "app.comuna", "pk": 231, "fields": {"nombre_comuna": "Tucapel", "provincia": 38}}, {"model": "app.comuna", "pk": 232, "fields": {"nombre_comuna": "Yumbel", "provincia": 38}}, {"model": "app.comuna", "pk": 233, "fields": {"nombre_comuna": "Concepción", "provincia": 39}}, {"model": "app.comuna", "pk": 234, "fields": {"nombre_comuna": "Coronel", "provincia": 39}}, {"model": "app.comuna", "pk": 235, "fields": {"nombre_comuna": "Chiguayante", "provincia": 39}}, {"model": "app.comuna", "pk": 236, "fields": {"nombre_comuna": "Florida", "provincia": 39}}, {"model": "app.comuna", "pk": 237, "fields": {"nombre_comuna": "Hualpén", "provincia": 39}}, {"model": "app.comuna", "pk": 238, "fields": {"nombre_comuna": "Hualqui", "provincia": 39}}, {"model": "app.comuna", "pk": 239, "fields": {"nombre_comuna": "Lota", "provincia": 39}}, {"model": "app.comuna", "pk": 240, "fields": {"nombre_comuna": "Penco", "provincia": 39}}, {"model": "app.comuna", "pk": 241, "fields": {"nombre_comuna": "San Pedro de La Paz", "provincia": 39}}, {"model": "app.comuna", "pk": 242, "fields": {"nombre_comuna": "Santa Juana", "provincia": 39}}, {"model": "app.comuna", "pk": 243, "fields": {"nombre_comuna": "Talcahuano", "provincia": 39}}, {"model": "app.comuna", "pk": 244, "fields": {"nombre_comuna": "Tomé", "provincia": 39}}, {"model": "app.comuna", "pk": 245, "fields": {"nombre_comuna": "Arauco", "provincia": 40}}, {"model": "app.comuna", "pk": 246, "fields": {"nombre_comuna": "Cañete", "provincia": 40}}, {"model": "app.comuna", "pk": 247, "fields": {"nombre_comuna": "Contulmo", "provincia": 40}}, {"model": "app.comuna", "pk": 248, "fields": {"nombre_comuna": "Curanilahue", "provincia": 40}}, {"model": "app.comuna", "pk": 249, "fields": {"nombre_comuna": "Lebu", "provincia": 40}}, {"model": "app.comuna", "pk": 250, "fields": {"nombre_comuna": "Los Álamos", "provincia": 40}}, {"model": "app.comuna", "pk": 251, "fields": {"nombre_comuna": "Tirúa", "provincia": 40}}, {"model": "app.comuna", "pk": 252, "fields": {"nombre_comuna": "Angol", "provincia": 41}}, {"model": "app.comuna", "pk": 253, "fields": {"nombre_comuna": "Collipulli", "provincia": 41}}, {"model": "app.comuna", "pk": 254, "fields": {"nombre_comuna": "Curacautín", "provincia": 41}}, {"model": "app.comuna", "pk": 255, "fields": {"nombre_comuna": "Ercilla", "provincia": 41}}, {"model": "app.comuna", "pk": 256, "fields": {"nombre_comuna": "Lonquimay", "provincia": 41}}, {"model": "app.comuna", "pk": 257, "fields": {"nombre_comuna": "Los Sauces", "provincia": 41}}, {"model": "app.comuna", "pk": 258, "fields": {"nombre_comuna": "Lumaco", "provincia": 41}}, {"model": "app.comuna", "pk": 259, "fields": {"nombre_comuna": "Purén", "provincia": 41}}, {"model": "app.comuna", "pk": 260, "fields": {"nombre_comuna": "Renaico", "provincia": 41}}, {"model": "app.comuna", "pk": 261, "fields": {"nombre_comuna": "Traiguén", "provincia": 41}}, {"model": "app.comuna", "pk": 262, "fields": {"nombre_comuna": "Victoria", "provincia": 41}}, {"model": "app.comuna", "pk": 263, "fields": {"nombre_comuna": "Temuco", "provincia": 42}}, {"model": "app.comuna", "pk": 264, "fields": {"nombre_comuna": "Carahue", "provincia": 42}}, {"model": "app.comuna", "pk": 265, "fields": {"nombre_comuna": "Cholchol", "provincia": 42}}, {"model": "app.comuna", "pk": 266, "fields": {"nombre_comuna": "Cunco", "provincia": 42}}, {"model": "app.comuna", "pk": 267, "fields": {"nombre_comuna": "Curarrehue", "provincia": 42}}, {"model": "app.comuna", "pk": 268, "fields": {"nombre_comuna": "Freire", "provincia": 42}}, {"model": "app.comuna", "pk": 269, "fields": {"nombre_comuna": "Galvarino", "provincia": 42}}, {"model": "app.comuna", "pk": 270, "fields": {"nombre_comuna": "Gorbea", "provincia": 42}}, {"model": "app.comuna", "pk": 271, "fields": {"nombre_comuna": "Lautaro", "provincia": 42}}, {"model": "app.comuna", "pk": 272, "fields": {"nombre_comuna": "Loncoche", "provincia": 42}}, {"model": "app.comuna", "pk": 273, "fields": {"nombre_comuna": "Melipeuco", "provincia": 42}}, {"model": "app.comuna", "pk": 274, "fields": {"nombre_comuna": "Nueva Imperial", "provincia": 42}}, {"model": "app.comuna", "pk": 275, "fields": {"nombre_comuna": "Padre Las Casas", "provincia": 42}}, {"model": "app.comuna", "pk": 276, "fields": {"nombre_comuna": "Perquenco", "provincia": 42}}, {"model": "app.comuna", "pk": 277, "fields": {"nombre_comuna": "Pitrufquén", "provincia": 42}}, {"model": "app.comuna", "pk": 278, "fields": {"nombre_comuna": "Pucón", "provincia": 42}}, {"model": "app.comuna", "pk": 279, "fields": {"nombre_comuna": "Saavedra", "provincia": 42}}, {"model": "app.comuna", "pk": 280, "fields": {"nombre_comuna": "Teodoro Schmidt", "provincia": 42}}, {"model": "app.comuna", "pk": 281, "fields": {"nombre_comuna": "Toltén", "provincia": 42}}, {"model": "app.comuna", "pk": 282, "fields": {"nombre_comuna": "Vilcún", "provincia": 42}}, {"model": "app.comuna", "pk": 283, "fields": {"nombre_comuna": "Villarrica", "provincia": 42}}, {"model": "app.comuna", "pk": 284, "fields": {"nombre_comuna": "Valdivia", "provincia": 43}}, {"model": "app.comuna", "pk": 285, "fields": {"nombre_comuna": "Corral", "provincia": 43}}, {"model": "app.comuna", "pk": 286, "fields": {"nombre_comuna": "Lanco", "provincia": 43}}, {"model": "app.comuna", "pk": 287, "fields": {"nombre_comuna": "Los Lagos", "provincia": 43}}, {"model": "app.comuna", "pk": 288, "fields": {"nombre_comuna": "Máfil", "provincia": 43}}, {"model": "app.comuna", "pk": 289, "fields": {"nombre_comuna": "Mariquina", "provincia": 43}}, {"model": "app.comuna", "pk": 290, "fields": {"nombre_comuna": "Paillaco", "provincia": 43}}, {"model": "app.comuna", "pk": 291, "fields": {"nombre_comuna": "Panguipulli", "provincia": 43}}, {"model": "app.comuna", "pk": 292, "fields": {"nombre_comuna": "La Unión", "provincia": 44}}, {"model": "app.comuna", "pk": 293, "fields": {"nombre_comuna": "Futrono", "provincia": 44}}, {"model": "app.comuna", "pk": 294, "fields": {"nombre_comuna": "Lago Ranco", "provincia": 44}}, {"model": "app.comuna", "pk": 295, "fields": {"nombre_comuna": "Río Bueno", "provincia": 44}}, {"model": "app.comuna", "pk": 297, "fields": {"nombre_comuna": "Osorno", "provincia": 45}}, {"model": "app.comuna", "pk": 298, "fields": {"nombre_comuna": "Puerto Octay", "provincia": 45}}, {"model": "app.comuna", "pk": 299, "fields": {"nombre_comuna": "Purranque", "provincia": 45}}, {"model": "app.comuna", "pk": 300, "fields": {"nombre_comuna": "Puyehue", "provincia": 45}}, {"model": "app.comuna", "pk": 301, "fields": {"nombre_comuna": "Río Negro", "provincia": 45}}, {"model": "app.comuna", "pk": 302, "fields": {"nombre_comuna": "San Juan de la Costa", "provincia": 45}}, {"model": "app.comuna", "pk": 303, "fields": {"nombre_comuna": "San Pablo", "provincia": 45}}, {"model": "app.comuna", "pk": 304, "fields": {"nombre_comuna": "Calbuco", "provincia": 46}}, {"model": "app.comuna", "pk": 305, "fields": {"nombre_comuna": "Cochamó", "provincia": 46}}, {"model": "app.comuna", "pk": 306, "fields": {"nombre_comuna": "Fresia", "provincia": 46}}, {"model": "app.comuna", "pk": 307, "fields": {"nombre_comuna": "Frutillar", "provincia": 46}}, {"model": "app.comuna", "pk": 308, "fields": {"nombre_comuna": "Llanquihue", "provincia": 46}}, {"model": "app.comuna", "pk": 309, "fields": {"nombre_comuna": "Los Muermos", "provincia": 46}}, {"model": "app.comuna", "pk": 310, "fields": {"nombre_comuna": "Maullín", "provincia": 46}}, {"model": "app.comuna", "pk": 311, "fields": {"nombre_comuna": "Puerto Montt", "provincia": 46}}, {"model": "app.comuna", "pk": 312, "fields": {"nombre_comuna": "Puerto Varas", "provincia": 46}}, {"model": "app.comuna", "pk": 313, "fields": {"nombre_comuna": "Ancud", "provincia": 47}}, {"model": "app.comuna", "pk": 314, "fields": {"nombre_comuna": "Castro", "provincia": 47}}, {"model": "app.comuna", "pk": 315, "fields": {"nombre_comuna": "Chonchi", "provincia": 47}}, {"model": "app.comuna", "pk": 316, "fields": {"nombre_comuna": "Curaco de Vélez", "provincia": 47}}, {"model": "app.comuna", "pk": 317, "fields": {"nombre_comuna": "Dalcahue", "provincia": 47}}, {"model": "app.comuna", "pk": 318, "fields": {"nombre_comuna": "Puqueldón", "provincia": 47}}, {"model": "app.comuna", "pk": 319, "fields": {"nombre_comuna": "Queilén", "provincia": 47}}, {"model": "app.comuna", "pk": 320, "fields": {"nombre_comuna": "Quellón", "provincia": 47}}, {"model": "app.comuna", "pk": 321, "fields": {"nombre_comuna": "Quemchi", "provincia": 47}}, {"model": "app.comuna", "pk": 322, "fields": {"nombre_comuna": "Quinchao", "provincia": 47}}, {"model": "app.comuna", "pk": 323, "fields": {"nombre_comuna": "Chaitén", "provincia": 48}}, {"model": "app.comuna", "pk": 324, "fields": {"nombre_comuna": "Futaleufú", "provincia": 48}}, {"model": "app.comuna", "pk": 325, "fields": {"nombre_comuna": "Hualaihué", "provincia": 48}}, {"model": "app.comuna", "pk": 326, "fields": {"nombre_comuna": "Palena", "provincia": 48}}, {"model": "app.comuna", "pk": 327, "fields": {"nombre_comuna": "Lago Verde", "provincia": 49}}, {"model": "app.comuna", "pk": 328, "fields": {"nombre_comuna": "Coihaique", "provincia": 49}}, {"model": "app.comuna", "pk": 329, "fields": {"nombre_comuna": "Aysén", "provincia": 50}}, {"model": "app.comuna", "pk": 330, "fields": {"nombre_comuna": "Cisnes", "provincia": 50}}, {"model": "app.comuna", "pk": 331, "fields": {"nombre_comuna": "Guaitecas", "provincia": 50}}, {"model": "app.comuna", "pk": 332, "fields": {"nombre_comuna": "Río Ibáñez", "provincia": 51}}, {"model": "app.comuna", "pk": 333, "fields": {"nombre_comuna": "Chile Chico", "provincia": 51}}, {"model": "app.comuna", "pk": 334, "fields": {"nombre_comuna": "Cochrane", "provincia": 52}}, {"model": "app.comuna", "pk": 335, "fields": {"nombre_comuna": "O'Higgins", "provincia": 52}}, {"model": "app.comuna", "pk": 336, "fields": {"nombre_comuna": "Tortel", "provincia": 52}}, {"model": "app.comuna", "pk": 337, "fields": {"nombre_comuna": "Natales", "provincia": 53}}, {"model": "app.comuna", "pk": 338, "fields": {"nombre_comuna": "Torres del Paine", "provincia": 53}}, {"model": "app.comuna", "pk": 339, "fields": {"nombre_comuna": "Laguna Blanca", "provincia": 54}}, {"model": "app.comuna", "pk": 340, "fields": {"nombre_comuna": "Punta Arenas", "provincia": 54}}, {"model": "app.comuna", "pk": 341, "fields": {"nombre_comuna": "Río Verde", "provincia": 54}}, {"model": "app.comuna", "pk": 342, "fields": {"nombre_comuna": "San Gregorio", "provincia": 54}}, {"model": "app.comuna", "pk": 343, "fields": {"nombre_comuna": "Porvenir", "provincia": 55}}, {"model": "app.comuna", "pk": 344, "fields": {"nombre_comuna": "Primavera", "provincia": 55}}, {"model": "app.comuna", "pk": 345, "fields": {"nombre_comuna": "Timaukel", "provincia": 55}}, {"model": "app.comuna", "pk": 346, "fields": {"nombre_comuna": "Cabo de Hornos", "provincia": 56}}, {"model": "app.comuna", "pk": 347, "fields": {"nombre_comuna": "Antártica", "provincia": 56}}, {"model": "app.cliente", "pk": 1, "fields": {"password": "pbkdf2_sha256$260000$Yq9XtwVdsGVJ3X6KZKaYXO$Hru49B8C9IpoozUNhZbEbl48yngG8Wcz8T08Jg8Shsw=", "last_login": "2022-06-17T06:40:47.601Z", "is_staff": true, "is_active": true, "date_joined": "2022-06-06T03:47:40.906Z", "username": "david", "email": "d@gmail.com", "first_name": "david", "last_name": "david", "ape_materno": "david", "calle": "1", "numero": 1, "depto": "1", "region": 12, "provincia": 14, "comuna": 14, "is_superuser": true, "groups": [], "user_permissions": []}}, {"model": "app.cliente", "pk": 2, "fields": {"password": "pbkdf2_sha256$260000$HquWmOcW0ZeQuMV41vOg8p$Y3yickKLBoHdQx12ETyp6GUj8Bh01U8FvnHaKLS0kdI=", "last_login": "2022-06-17T04:59:50.422Z", "is_staff": false, "is_active": true, "date_joined": "2022-06-17T04:59:31.654Z", "username": "cliente", "email": "cliente@gmail.com", "first_name": "cliente", "last_name": "cliente", "ape_materno": "cliente", "calle": "calle", "numero": 123, "depto": "", "region": 10, "provincia": 36, "comuna": 213, "is_superuser": false, "groups": [], "user_permissions": []}}, {"model": "app.proveedor", "pk": 1, "fields": {"nombre": "AMD", "razon_social": "AMD", "sector_comercial": "Hardware", "tipo_documento": "Factura", "num_documento": 1546545, "telefono": 4546654, "email": "amd@amd.com", "url": "https://www.amd.com/es", "comuna": 17}}]